Tag,Location,Item,Category,Count 1,Count 2,Lab Testing,Current,Difference,Packaged Date
1A4010300003E83000018089,Lab Area,Concentrate - Distillate for Edibles,Concentrate,2401,,TestPassed,531.64,-1869.36,1/21/2021
1A4010300003E83000021985,Safe/Connex,CBN Isolate - 006,Hemp Extract,544.05,,TestPassed,500,-44.05,7/16/2021
1A4010300003E83000021986,Safe/Connex,CBD Isolate - 008,Hemp Extract,120,,TestPassed,20,-100,7/16/2021
1A4010300004847000224192,Packaging Area,Private Stash - PINEAPPLE - Cartridge - (1g) - H - 2041203515,Inhalable Cannabinoid Product with Non-Cannabis Additives (each),170,,TestPassed,170,0,8/3/2021
1A401030000AC48000011632,,Dream Queen / Bobsled Extracts,Extracts,295,,TestPassed,295.05,0.05,2/12/2020
1A401030000AC48000012080,Safe/Connex,"Tozmoz, Pineapple Chunk, CO2 Oil, Bulk",Extracts,213.67,,NotSubmitted,213.67,0,3/27/2020
1A401030000AC48000013070,Safe/Connex,VTA - 99 - Main,Concentrate,1877.88,,NotSubmitted,1877.88,0,7/1/2020
1A401030000AC48000013174,,VTA - 100 - Main,Concentrate,888.65,,TestPassed,888.65,0,7/13/2020
1A401030000AC48000013557,Safe/Connex,VTA - 104 - Main,Concentrate,841.24,,TestPassed,841.24,0,8/13/2020
1A401030000AC48000013740,Safe/Connex,"VTA 106, Distillate, Bulk",Extracts,1678.18,,TestPassed,1678.18,0,8/24/2020
1A401030000AC48000014109,Safe/Connex,VTA - 108 - Main,Concentrate,189.01,,TestPassed,189.01,0,9/25/2020
1A401030000AC48000014676,Safe/Connex,VTA - 112 - Main,Concentrate,449.52,,TestPassed,449.52,0,11/4/2020
1A401030000AC48000015104,,"Tozmoz, Sour Sherbert, Live Resin",Extracts,630,,TestPassed,636.94,6.94,11/30/2020
1A401030000AC48000015112,Safe/Connex,"Applegate, Bubba, Refined CO2 Oil, Bulk",Extracts,1394.47,,NotSubmitted,1402,7.53,12/1/2020
1A401030000AC48000015113,Safe/Connex,"Applegate, Mix, Refined CO2 Oil",Extracts,732.14,,TestPassed,734.3,2.16,12/1/2020
1A401030000AC48000015114,Safe/Connex,"Applegate, GSC, Refined CO2 Oil, Bulk",Extracts,991.01,,TestPassed,990.42,-0.59,12/1/2020
1A401030000AC48000015307,,"Tozmoz, Transdermal Patch Mixture",Concentrate,1108.07,,NotSubmitted,1108.07,0,12/11/2020
1A401030000AC48000015377,Safe/Connex,"Elysium Fields, BLACK, BOP Wildfire, Live Resin",Extracts,2655.93,,TestPassed,2655.93,0,12/15/2020
1A401030000AC48000015443,Safe/Connex,"Elysium Fields, BLACK, Shiva, Live Resin",Extracts,317.4,,TestPassed,371.68,54.28,12/18/2020
1A401030000AC48000015483,Safe/Connex,"Oregon Green Leaf Farms, Primo Stout, CO2 Oil, Bulk",Extracts,513.54,,NotSubmitted,503,-10.54,12/21/2020
1A401030000AC48000015484,Safe/Connex,"Oregon Green Leaf Farms, Primo Stout, CO2 Oil, Bulk",Extracts,676.15,,NotSubmitted,676.5,0.35,12/21/2020
1A401030000AC48000015485,Safe/Connex,"Oregon Green Leaf Farms, Primo Stout, CO2 Oil, Bulk",Extracts,638.15,,NotSubmitted,638.15,0,12/21/2020
1A401030000AC48000015486,Safe/Connex,"Tozmoz, Primo Stout, CO2 Oil, Bulk",Extracts,727,,TestPassed,711,-16,12/21/2020
1A401030000AC48000015487,Safe/Connex,"Tozmoz, Primo Stout, CO2 Oil, Bulk",Extracts,647.98,,TestPassed,630.82,-17.16,12/21/2020
1A401030000AC48000015488,Safe/Connex,"Greenway Farms, Purple Skunk Mass, Refined CO2 Oil, Bulk",Extracts,217.31,,TestFailed,221.86,4.55,12/21/2020
1A401030000AC48000015489,Safe/Connex,"Greenway Farms, Purple Skunk Mass, Refined CO2 Oil, Bulk",Extracts,744.85,,TestFailed,751.14,6.29,12/21/2020
1A401030000AC48000015490,Safe/Connex,"Greenway Farms, Purple Skunk Mass, Refined CO2 Oil, Bulk",Extracts,812,,TestFailed,804,-8,12/21/2020
1A401030000AC48000015495,Safe/Connex,"Tozmoz, CBDiesel, CO2 Oil, Bulk",Extracts,310.92,,TestPassed,313.74,2.82,12/21/2020
1A401030000AC48000015496,Safe/Connex,"Tozmoz, CBDiesel, CO2 Oil, Bulk",Extracts,230.45,,TestPassed,235.26,4.81,12/21/2020
1A401030000AC48000015497,Safe/Connex,"Tozmoz, Fruit Punch, CO2 Oil, Bulk",Extracts,364.66,,NotSubmitted,365.38,0.72,12/21/2020
1A401030000AC48000015498,Safe/Connex,"LA Cheese, Tozmoz, Bulk CO2 Extract",Extracts,527,,TestPassed,561,34,12/21/2020
1A401030000AC48000015499,Safe/Connex,"LA Cheese, Tozmoz, Bulk CO2 Extract",Extracts,662.61,,TestPassed,658,-4.61,12/21/2020
1A401030000AC48000015501,Safe/Connex,"Tozmoz, Purple Punch, Refined CO2 Oil",Extracts,89.95,,NotSubmitted,99.9,9.95,12/21/2020
1A401030000AC48000015502,Safe/Connex,"Tozmoz, Primo G, CO2 Oil, Bulk",Extracts,329.1,,TestPassed,333,3.9,12/21/2020
1A401030000AC48000015503,Safe/Connex,"Tozmoz, Primo G, CO2 Oil, Bulk",Extracts,346.76,,TestPassed,346,-0.76,12/21/2020
1A401030000AC48000015504,Safe/Connex,"Tozmoz, Primo G, CO2 Oil, Bulk",Extracts,357.1,,TestPassed,345,-12.1,12/21/2020
1A401030000AC48000015505,Safe/Connex,"Tozmoz, Primo G, CO2 Oil, Bulk",Extracts,360.4,,TestPassed,310,-50.4,12/21/2020
1A401030000AC48000015512,Safe/Connex,"Tozmoz, Rogue Valley Poison/ BMG, Refined CO2 Oil",Extracts,1208.31,,NotSubmitted,1213,4.69,12/21/2020
1A401030000AC48000015513,Safe/Connex,"RXO, Chocolate Hashberry, Halfway Decarboxylated Oil",Concentrate,69.45,,TestPassed,70.07,0.62,12/21/2020
1A401030000AC48000015519,Safe/Connex,"Grown Rogue, Purple Hindu Kush, CO2 Oil, Bulk",Extracts,1671.36,,NotSubmitted,1677,5.64,12/21/2020
1A401030000AC48000015521,Safe/Connex,VTA - 120 - Main,Extracts,750,,TestFailed,748.07,-1.93,12/22/2020
1A401030000AC48000015530,Safe/Connex,"Sugar Tree, M1391629-2, Distillate",Extracts,3908,,NotSubmitted,3908,0,12/22/2020
1A401030000AC48000015542,Safe/Connex,Mt. Hood Magic,Extracts,13.61,,NotSubmitted,13.61,0,12/22/2020
1A401030000AC48000015579,Safe/Connex,"Tozmoz, Mango, Live Resin",Extracts,27.54,,NotSubmitted,27.7,0.16,12/23/2020
1A401030000AC48000015580,Safe/Connex,"Tozmoz, Mango, Headsauce",Extracts,60.29,,NotSubmitted,64.79,4.5,12/23/2020
1A401030000AC48000015584,Safe/Connex,"Tozmoz, Keif, Bulk",Concentrate,320,,NotSubmitted,335,15,12/23/2020
1A401030000AC48000015679,Safe/Connex,"Elysium Fields, BLACK, The Church, Live Resin",Extracts,1846.6,,TestPassed,1894.02,47.42,1/4/2021
1A401030000AC48000015702,Safe/Connex,"Applegate, 24k, Refined CO2 Oil, Bulk",Extracts,245.6,,NotSubmitted,249,3.4,1/5/2021
1A401030000AC48000015703,Safe/Connex,"Applegate Farms, Carl Douglas, CO2 Oil, Bulk",Extracts,865.8,,NotSubmitted,893,27.2,1/5/2021
1A401030000AC48000015907,Safe/Connex,"Applegate, Mix, Refined CO2 Oil",Extracts,1695.15,,NotSubmitted,1702.47,7.32,1/15/2021
1A401030000AC48000015909,Safe/Connex,"Applegate, Mix, Refined CO2 Oil",Extracts,1741.35,,NotSubmitted,1747.74,6.39,1/15/2021
1A401030000AC48000015964,Safe/Connex,"Stout, Terpenes, Bulk",Extracts,481.3,,NotSubmitted,482.28,0.98,1/20/2021
1A401030000AC48000015978,Safe/Connex,"Tozmoz, Gorilla Glue, CO2 Oil, Bulk",Extracts,331.58,,NotSubmitted,330.9,-0.68,1/21/2021
1A401030000AC48000015979,Safe/Connex,"Tozmoz, Gorilla Glue, CO2 Oil, Bulk",Extracts,233.37,,NotSubmitted,234.45,1.08,1/21/2021
1A401030000AC48000016213,Safe/Connex,"ABC1, Jack The Ripper, Live Resin",Extracts,8.35,,NotSubmitted,7.46,-0.89,2/9/2021
1A401030000AC48000016459,Safe/Connex,"Tozmoz, Dream Queen, Live Resin Headsauce",Extracts,1911.11,,TestPassed,1968.49,57.38,3/4/2021
1A401030000AC48000016526,Safe/Connex,"Tozmoz, Dream Queen, Cannabis Derived Terpenes",Concentrate,115,,NotSubmitted,115.64,0.64,3/8/2021
1A401030000AC48000016854,Safe/Connex,"Tozmoz, Lemongrass, Cannabis-Derived Terpenes",Concentrate,66.44,,NotSubmitted,67.34,0.9,3/29/2021
1A401030000AC48000016855,Safe/Connex,"Tozmoz, Mangolicious, Cannabis-Derived Terpenes",Concentrate,94.77,,NotSubmitted,97.09,2.32,3/29/2021
1A401030000AC48000017047,Safe/Connex,"Private Stash, Green Apple, Flavored Distillate, 1g Vape Cartridge",Inhalable Cannabinoid Product with Non-Cannabis Additives (each; with ingredients),50,,TestPassed,50,0,4/8/2021
1A401030000AC48000017048,Safe/Connex,"Private Stash, Watermelon, Flavored Distillate, 1g Vape Cartridge",Inhalable Cannabinoid Product with Non-Cannabis Additives (each; with ingredients),119,,TestPassed,119,0,4/8/2021
1A401030000AC48000017049,Safe/Connex,"Private Stash, Green Apple, Flavored Distillate, 1g Vape Cartridge",Inhalable Cannabinoid Product with Non-Cannabis Additives (each; with ingredients),48,,TestPassed,48,0,4/8/2021
1A401030000AC48000017360,Lab Area,"Elysium Fields, Sherbert, Full Spectrum Cannabis Oil",Extracts,66.3,,TestPassed,92.04,25.74,4/27/2021
1A401030000AC48000017403,Packaging Area,"Private Stash, Pineapple, Flavored Distillate, 1g Vape Cartridge",Inhalable Cannabinoid Product with Non-Cannabis Additives (each; with ingredients),24,,TestPassed,24,0,4/29/2021
1A401030000AC48000017495,Safe/Connex,"Chocolate Hashberry, cannabis derived terpenes",Concentrate,622,,NotSubmitted,624.36,2.36,5/3/2021
1A401030000AC48000017497,Safe/Connex,"Tozmoz, Snowland, Cannabis Derived Terpenes",Concentrate,104.6,,NotSubmitted,96.85,-7.75,5/3/2021
1A401030000AC48000017661,Safe/Connex,"RXO, Purple Hindu Kush, FSCO",Concentrate,782.8,,TestPassed,974.51,191.71,5/7/2021
1A401030000AC48000017704,Packaging Area,"Private Stash, Mango, Flavored Distillate, 1g Vape Cartridge",Inhalable Cannabinoid Product with Non-Cannabis Additives (each; with ingredients),34,,TestPassed,34,0,5/12/2021
1A401030000AC48000017709,Packaging Area,"Private Stash, Blueberry, Flavored Distillate, 1g Vape Cartridge",Inhalable Cannabinoid Product with Non-Cannabis Additives (each; with ingredients),21,,TestPassed,21,0,5/12/2021
1A401030000AC48000017739,Lab Area,"Oregon Green Leaf Farms, Grandaddy Primo, CO2 Oil, Bulk",Extracts,203.9,,TestPassed,,-203.9,5/14/2021
1A401030000AC48000017886,Lab Area,VTA - 140 - Main,Concentrate,430.57,,TestPassed,,-430.57,5/24/2021
1A401030000AC48000017957,Lab Area,VTA - 141 - Main,Concentrate,3114,,TestPassed,,-3114,5/27/2021
1A401030000AC48000018127,Lab Area,"Tozmoz, Dream Queen, Live Resin Headsauce",Extracts,328.82,,NotSubmitted,,-328.82,6/8/2021
1A401030000AC48000018132,Lab Area,"Tozmoz, Sticky Buns, Cannabis Derived Terpenes",Concentrate,29.63,,NotSubmitted,,-29.63,6/8/2021
1A401030000AC48000018137,Lab Area,"Tozmoz, Sunset Sherbert, Live Resin, Headsauce",Extracts,1119.2,,NotSubmitted,,-1119.2,6/8/2021
1A401030000AC48000018142,Lab Area,"Tozmoz, Gorilla Glue, Live Resin, Headsauce",Extracts,452.73,,NotSubmitted,,-452.73,6/8/2021
1A401030000AC48000018144,Lab Area,"Tozmoz, Agent Orange, Live Resin, Headsauce",Extracts,111.24,,NotSubmitted,,-111.24,6/8/2021
1A401030000AC48000018203,Safe/Connex,"RXO, Hindu Kush - Full Spectrum Cannabis Oil",Concentrate,416.8,,TestPassed,,-416.8,6/10/2021
1A401030000AC48000018278,Safe/Connex,"Elysium Fields, Mahayana Kush, Full Spectrum Cannabis Oil",Extracts,1024.6,,TestPassed,,-1024.6,6/15/2021
1A401030000AC48000018279,Safe/Connex,"Elysium Fields, Blue Magoo, full Spectrum Cannabis Oil",Extracts,554,,TestPassed,,-554,6/15/2021
1A401030000AC48000018350,Lab Area,"Tozmoz, Lemon Sour Diesel, Head Sauce",Concentrate,759.8,,NotSubmitted,,-759.8,6/21/2021
1A401030000AC48000018386,Packaging Area,"Private Stash, Watermelon, Flavored Distillate, 1g Vape Cartridge",Inhalable Cannabinoid Product with Non-Cannabis Additives (each; with ingredients),42,,TestPassed,,-42,6/23/2021
1A401030000AC48000018389,Packaging Area,"Private Stash, Blue Raspberry, Flavored Distillate, 1g Vape Cartridge",Inhalable Cannabinoid Product with Non-Cannabis Additives (each; with ingredients),56,,TestPassed,,-56,6/23/2021
1A401030000AC48000018392,Packaging Area,"Private Stash, Blueberry, Flavored Distillate, 1g Vape Cartridge",Inhalable Cannabinoid Product with Non-Cannabis Additives (each; with ingredients),23,,TestPassed,,-23,6/23/2021
1A401030000AC48000018397,Safe/Connex,"RXO, White Slurricookies, FSCO",Concentrate,491.5,,TestPassed,,-491.5,6/24/2021
1A401030000AC48000018401,Packaging Area,"Private Stash, Pineapple, Flavored Distillate, 1g Vape Cartridge",Inhalable Cannabinoid Product with Non-Cannabis Additives (each; with ingredients),47,,TestPassed,,-47,6/24/2021
1A401030000AC48000018414,Packaging Area,"Private Stash, Blueberry, Flavored Distillate, 1g Vape Cartridge",Inhalable Cannabinoid Product with Non-Cannabis Additives (each; with ingredients),30,,TestPassed,,-30,6/25/2021
1A401030000AC48000018416,Packaging Area,"Private Stash, Mango, Flavored Distillate, 1g Vape Cartridge",Inhalable Cannabinoid Product with Non-Cannabis Additives (each; with ingredients),24,,TestPassed,,-24,6/25/2021
1A401030000AC48000018428,Packaging Area,"Private Stash, Mango, Flavored Distillate, 1g Vape Cartridge",Inhalable Cannabinoid Product with Non-Cannabis Additives (each; with ingredients),98,,TestPassed,,-98,6/25/2021
1A401030000AC48000018429,Lab Area,"Tozmoz, Lemon Sour Diesel, Live Resin",Extracts,2501.4,,TestPassed,,-2501.4,6/25/2021
1A401030000AC48000018440,Packaging Area,"Private Stash, Pineapple, Flavored Distillate, 1g Vape Cartridge",Inhalable Cannabinoid Product with Non-Cannabis Additives (each; with ingredients),44,,TestPassed,,-44,6/28/2021
1A401030000AC48000018455,Packaging Area,"Private Stash, Blueberry, Flavored Distillate, 1g Vape Cartridge",Inhalable Cannabinoid Product with Non-Cannabis Additives (each; with ingredients),132,,TestPassed,,-132,6/29/2021
1A401030000AC48000018578,Safe/Connex,"RXO, Purple Punch, FSCO",Concentrate,836.5,,TestPassed,,-836.5,7/8/2021
1A401030000AC48000018654,Lab Area,"VTA - 146 - Main, Refined",Concentrate,2665.75,,NotSubmitted,,-2665.75,7/13/2021
1A401030000AC48000018655,Lab Area,"VTA - 146 - Main, Unrefined",Concentrate,2074,,NotSubmitted,,-2074,7/13/2021
1A401030000AC48000018661,Lab Area,"Bald Peak, Forbidden Chem Cookies, Live Resin",Extracts,389.5,,NotSubmitted,,-389.5,7/13/2021
1A401030000AC48000018671,Safe/Connex,"Tozmoz, White Widow, Cannabis DerivedTerpenes",Concentrate,84,,NotSubmitted,,-84,7/13/2021
1A401030000AC48000018676,Safe/Connex,"Private Stash, Green Apple, Flavored Distillate",Inhalable Cannabinoid Product with Non-Cannabis Additives (with ingredients),10.6,,NotSubmitted,,-10.6,7/13/2021
1A401030000AC48000018711,Safe/Connex,"RXO, Purple Dream, FSCO",Concentrate,875.6,,TestPassed,,-875.6,7/14/2021
1A401030000AC48000018763,Safe/Connex,"Tozmoz, Jack The Ripper, Headsauce",Extracts,151.65,,TestPassed,,-151.65,7/15/2021
1A401030000AC48000018764,Safe/Connex,"Tozmoz, Blue Magoo, Live Resin, Sauce",Extracts,191.45,,TestPassed,,-191.45,7/15/2021
1A401030000AC48000018765,Lab Area,VTA - 147 - Main,Concentrate,1885,,NotSubmitted,,-1885,7/15/2021
1A401030000AC48000018806,Safe/Connex,"RXO, Citrus Kush, FSCO",Concentrate,1398.89,,NotSubmitted,,-1398.89,7/15/2021
1A401030000AC48000018921,Lab Area,"Tozmoz, Forbidden Chem Cookies, Cannabis Derived Terpenes",Concentrate,41,,NotSubmitted,,-41,7/21/2021
1A401030000AC48000018935,Lab Area,"Potent Farms, Mix, Cannabis Derived Terpenes",Concentrate,43.7,,NotSubmitted,,-43.7,7/21/2021
1A401030000AC48000018941,Safe/Connex,"RXO, Rogue OG, FSCO",Concentrate,437.1,,TestPassed,,-437.1,7/21/2021
1A401030000AC48000018948,Safe/Connex,"RXO, Black Mamba, FSCO",Concentrate,890.8,,TestPassed,,-890.8,7/21/2021
1A401030000AC48000018996,Safe/Connex,"Elysium Fields, BLACK, Lavender Mac Diesel, Full Spectrum Cannabis Oil",Extracts,869.5,,TestPassed,,-869.5,7/22/2021
1A401030000AC48000019107,Lab Area,"Private Stash, Blackberry, Flavored Distillate, 1g Vape Cartridge",Inhalable Cannabinoid Product with Non-Cannabis Additives (each; with ingredients),32,,TestPassed,,-32,7/27/2021
1A401030000AC48000019192,Safe/Connex,"Tozmoz, Mob Boss, Head Sauce",Extracts,298.1,,NotSubmitted,,-298.1,7/30/2021
1A401030000AC48000019252,Lab Area,"Tozmoz, Kosher Kush, cannabis Derived Terpenes",Concentrate,41.93,,NotSubmitted,,-41.93,8/3/2021
1A401030000AC48000019282,Lab Area,"Tozmoz, Dream Queen/Wappa, Cannabis Derived Terpenes",Concentrate,125.2,,NotSubmitted,,-125.2,8/4/2021
1A401030000AC48000019417,Lab Area,"Tozmoz, Agent Orange, Cannabis-Derived Terpenes",Concentrate,80.4,,NotSubmitted,,-80.4,8/11/2021
1A401030000AC48000019425,Packaging Area,"Private Stash, Green Apple, Flavored Distillate, 1g Vape Cartridge",Inhalable Cannabinoid Product with Non-Cannabis Additives (each; with ingredients),21,,TestPassed,,-21,8/11/2021
1A401030000AC48000019426,Lab Area,"Private Stash, Blackberry, Flavored Distillate, 1g Vape Cartridge",Inhalable Cannabinoid Product with Non-Cannabis Additives (each; with ingredients),38,,TestPassed,,-38,8/11/2021
1A401030000AC48000019447,Lab Area,VTA - 155 - Main,Concentrate,2024,,NotSubmitted,,-2024,8/12/2021
1A401030000AC48000019476,Packaging Area,"Private Stash, Tropical Orangeade, Shorties, Infused Pre Roll, 5 Pack",Infused Pre-Roll,4,,NotSubmitted,,-4,8/12/2021
1A401030000AC48000019559,Lab Area,VTA - 156 - Main,Concentrate,749.85,,NotSubmitted,,-749.85,8/18/2021
1A401030000AC48000019655,Lab Area,"Private Stash, Green Apple, 1:1 Flavored Distillate, 1g Vape Cartridge",Inhalable Cannabinoid Product with Non-Cannabis Additives (each; with ingredients),62,,TestPassed,,-62,8/20/2021
1A401030000AC48000019666,Lab Area,"Private Stash, Mango, Flavored Distillate, 1g Vape Cartridge",Inhalable Cannabinoid Product with Non-Cannabis Additives (each; with ingredients),45,,TestPassed,,-45,8/20/2021
1A401030000AC48000019745,Lab Area,"Tozmoz, OG Purple Mahayana, Live Resin",Extracts,1212.6,,NotSubmitted,,-1212.6,8/25/2021
1A401030000AC48000019869,Safe/Connex,"Tozmoz, Papaya Sunrise, Cannabis-Derived Terpenes",Concentrate,153,,NotSubmitted,,-153,8/31/2021
1A401030000AC48000019919,Lab Area,VTA - 157 - Main,Concentrate,957.55,,NotSubmitted,,-957.55,9/3/2021
1A401030000AC48000020365,Lab Area,"RXO, Cannatonic Bunz, 1:1 FSCO",Concentrate,368.75,,TestPassed,,-368.75,9/27/2021
1A401030000AC48000020401,Lab Area,VTA - 163 - Main,Concentrate,790.48,,TestPassed,,-790.48,9/28/2021
1A401030000AC48000020447,Lab Area,"Tozmoz, Purple Kush, Cannabis-Derived Terpenes",Concentrate,63.4,,TestPassed,,-63.4,9/29/2021
1A401030000AC48000020449,Lab Area,"Tozmoz, Honey Wine, Cannabis-Derived Terpenes",Concentrate,64,,NotSubmitted,,-64,9/29/2021
1A401030000AC48000020508,Lab Area,"Tozmoz, Mango, Cannabis derived terpenes",Concentrate,29.9,,NotSubmitted,,-29.9,9/30/2021
1A401030000AC48000020512,Lab Area,"Tozmoz, Blue Magoo, Cannabis-Derived Terpenes",Concentrate,34.7,,NotSubmitted,,-34.7,9/30/2021
1A401030000AC48000020513,Lab Area,"Tozmoz, Sunset Sherbert, Cannabis-Derived Terpenes",Concentrate,189.7,,NotSubmitted,,-189.7,9/30/2021
1A401030000AC48000020520,Lab Area,"Tozmoz, Dream Queen, Cannabis Derived Terpenes",Concentrate,66,,NotSubmitted,,-66,10/1/2021
1A401030000AC48000020586,Lab Area,"Elysium Fields, Mob Diesel, Full Spectrum Cannabis Oil",Extracts,523,,TestPassed,,-523,10/4/2021
1A401030000AC48000020720,Lab Area,"Tozmoz, Mob Boss, Live Resin",Extracts,35.3,,NotSubmitted,,-35.3,10/7/2021
1A401030000AC48000020724,Lab Area,"Tozmoz, Gorilla Glue, Live Resin",Extracts,532.4,,NotSubmitted,,-532.4,10/7/2021
1A401030000AC48000020738,Lab Area,"Tozmoz, Agent Orange, Cannabis-Derived Terpenes",Concentrate,31,,NotSubmitted,,-31,10/8/2021
1A401030000AC48000020777,Lab Area,"Tozmoz, Dream Queen, Live Resin",Extracts,462,,NotSubmitted,,-462,10/8/2021
1A401030000AC48000020844,Lab Area,"RXO, Durban Diesel, FSCO",Concentrate,640.1,,TestPassed,,-640.1,10/11/2021
1A401030000AC48000020845,Lab Area,"RXO, Cosmic Mac, FSCO",Concentrate,656.9,,TestPassed,,-656.9,10/11/2021
1A401030000AC48000020847,Lab Area,"Tozmoz, Sunset Sherbet, Cannabis-Derived Terpenes",Concentrate,90.5,,NotSubmitted,,-90.5,10/11/2021
1A401030000AC48000020869,Lab Area,"Elysium Fields, Blue Magoo, full Spectrum Cannabis Oil",Extracts,502.5,,TestPassed,,-502.5,10/12/2021
1A401030000AC48000020872,Lab Area,"Elysium fields, Orange Creamsicle, full spectrum cannabis oil",Concentrate,153.9,,TestPassed,,-153.9,10/12/2021
1A401030000AC48000021015,Lab Area,"RXO, Paris OG, FSCO",Concentrate,975.8,,NotSubmitted,,-975.8,10/14/2021
1A401030000AC48000021016,Lab Area,"RXO, SPK, FSCO",Concentrate,448,,NotSubmitted,,-448,10/14/2021
1A401030000AC48000021018,Lab Area,"RXO, Black Mamba, FSCO",Concentrate,901.9,,TestPassed,,-901.9,10/14/2021
1A401030000AC48000021019,Lab Area,"RXO, Rogue OG, FSCO",Concentrate,471.2,,TestPassed,,-471.2,10/14/2021
1A401030000AC48000021334,Lab Area,"Tozmoz, Cookies n Cream, Cannabis-Derived-Terpenes",Concentrate,55,,NotSubmitted,,-55,10/22/2021
1A401030000AC48000021335,Lab Area,"Tozmoz, Lemon Sour Diesel, Cannabis-Derived-Terpenes",Concentrate,78,,NotSubmitted,,-78,10/22/2021
1A401030000AC48000021343,Lab Area,"RXO, White Cookies & Cream, FSCO",Concentrate,478.7,,TestPassed,,-478.7,10/22/2021
1A401030000AC48000021344,Lab Area,"RXO, Lemon Lime Sundae, FSCO",Concentrate,488.7,,TestPassed,,-488.7,10/22/2021
1A401030000AC48000021464,Lab Area,"RXO, White Cookies & Cream, FSCO",Concentrate,504.2,,TestPassed,,-504.2,10/25/2021
1A401030000AC48000021465,Lab Area,"RXO, White Cookies & Cream, FSCO",Concentrate,510.8,,TestPassed,,-510.8,10/25/2021
1A401030000AC48000021466,Lab Area,"RXO, Lemon Lime Sundae, FSCO",Concentrate,483.7,,TestPassed,,-483.7,10/25/2021
1A401030000AC48000021467,Lab Area,"RXO, Lemon Lime Sundae, FSCO",Concentrate,494.1,,TestPassed,,-494.1,10/25/2021
1A401030000AC48000021468,Lab Area,"RXO, Lemon Lime Sundae, FSCO",Concentrate,460.6,,TestPassed,,-460.6,10/25/2021
1A401030000AC48000021810,Lab Area,VTA - 166 - Main,Concentrate,302,,NotSubmitted,,-302,10/29/2021
1A401030000AC48000021825,Lab Area,"Private Stash, Green Apple, 1:1 Flavored Distillate, 1g Vape Cartridge",Inhalable Cannabinoid Product with Non-Cannabis Additives (each; with ingredients),45,,TestPassed,,-45,10/29/2021
1A401030000AC48000021834,Lab Area,"Tozmoz, Mob Boss, Cannabis Derived Terpenes",Concentrate,66.8,,NotSubmitted,,-66.8,10/30/2021
1A401030000AC48000021837,Lab Area,"Tozmoz, Blue Magoo, Cannabis-Derived Terpenes",Concentrate,130.6,,NotSubmitted,,-130.6,10/31/2021
1A401030000AC48000021838,Lab Area,"Tozmoz, Blueberry Muffin, Cannabis-Derived Terpenes",Concentrate,85.6,,NotSubmitted,,-85.6,10/31/2021
1A401030000AC48000021839,Lab Area,"Tozmoz, Jack The Ripper, Cannabis Derived Terpenes",Concentrate,54.5,,NotSubmitted,,-54.5,10/31/2021
1A401030000AC48000021964,Safe/Connex,"Tozmoz, Sunset Sherbert, Live Resin",Extracts,321.4,,NotSubmitted,,-321.4,11/3/2021
1A401030000AC48000021975,Safe/Connex,"Tozmoz, Lemon Sour Diesel, Live Resin",Extracts,180.8,,NotSubmitted,,-180.8,11/3/2021
1A401030000AC48000022108,Packaging Area,"Private Stash, Watermelon, Flavored Distillate, 1g Vape Cartridge",Inhalable Cannabinoid Product with Non-Cannabis Additives (each; with ingredients),18,,TestPassed,,-18,11/9/2021
1A401030000AC48000022163,Packaging Area,"Private Stash, Tropical, Flavored Distillate, 1g Vape Cartridge",Inhalable Cannabinoid Product with Non-Cannabis Additives (each; with ingredients),30,,TestPassed,,-30,11/12/2021
1A401030000AC48000022179,Safe/Connex,"Tozmoz, Dream Queen, Cannabis Derived Terpenes",Concentrate,125.7,,NotSubmitted,,-125.7,11/15/2021
1A401030000AC48000022180,Safe/Connex,"Tozmoz, Banner, Cannabis Derived Terpenes",Concentrate,18.4,,NotSubmitted,,-18.4,11/15/2021
1A401030000AC48000022181,Safe/Connex,"Tozmoz, Cookies n Cream, Cannabis-Derived-Terpenes",Concentrate,112.4,,NotSubmitted,,-112.4,11/15/2021
1A401030000AC48000022182,Safe/Connex,"Tozmoz, Purple Hindu Kush, Cannabis Derived Terpenes",Concentrate,158.58,,NotSubmitted,,-158.58,11/15/2021
1A401030000AC48000022183,Safe/Connex,"Tozmoz, Chem Rush, Cannabis Derived Terpenes",Concentrate,95.3,,NotSubmitted,,-95.3,11/15/2021
1A401030000AC48000022186,Safe/Connex,"Tozmoz, Mac Express, Cannabis Derived Terpenes",Concentrate,37.2,,NotSubmitted,,-37.2,11/15/2021
1A401030000AC48000022188,Safe/Connex,"Tozmoz, Lemon Apricot, Cannabis Derived Terpenes",Concentrate,97.1,,NotSubmitted,,-97.1,11/15/2021
1A401030000AC48000022189,Safe/Connex,"Tozmoz, Alien E.T., Cannabis-Derived Terpenes",Concentrate,36.98,,NotSubmitted,,-36.98,11/15/2021
1A401030000AC48000022216,Safe/Connex,"Tozmoz, Blue Mazar, Cannabis Derived Terpenes",Concentrate,44.4,,NotSubmitted,,-44.4,11/16/2021
1A401030000AC48000022219,Safe/Connex,"Tozmoz, Blueberry Muffin, Cannabis-Derived Terpenes",Concentrate,47.7,,NotSubmitted,,-47.7,11/16/2021
1A401030000AC48000022243,Safe/Connex,"Tozmoz, Double O Cookies (Agent Orange x Orange Cookies ), Live Resin, Sauce & Diamonds",Extracts,439.5,,TestPassed,,-439.5,11/16/2021
1A401030000AC48000022247,Safe/Connex,"Tozmoz, Vanilla Frosting, Live Resin, Sauce & Diamonds",Extracts,601,,TestPassed,,-601,11/16/2021
1A401030000AC48000022259,Safe/Connex,"Tozmoz, Mango Kush, Live Resin, Sauce & Diamonds",Extracts,634.5,,TestPassed,,-634.5,11/16/2021
1A401030000AC48000022265,Safe/Connex,"Tozmoz, Vanilla Frosting, Live Resin",Extracts,514.1,,TestPassed,,-514.1,11/16/2021
1A401030000AC48000022266,Safe/Connex,"Tozmoz, Lemon Apricot, Live Resin, Badder",Extracts,322.4,,TestPassed,,-322.4,11/16/2021
1A401030000AC48000022267,Safe/Connex,"Tozmoz, Magic Melon, Cannabis Derived Terpenes",Concentrate,20.4,,NotSubmitted,,-20.4,11/16/2021
1A401030000AC48000022300,Safe/Connex,"Tozmoz, Sunset Sherbert, THCA",Extracts,214,,TestPassed,,-214,11/17/2021
1A401030000AC48000022355,Lab Area,VTA - 169 - Main,Concentrate,911,,NotSubmitted,,-911,11/18/2021
1A401030000AC48000022368,Lab Area,"Tozmoz, Ultra Violet Trainwreck (Ultra Violet x Purple Trainwreck), Live Resin, Sauce & Diamonds",Extracts,696.4,,TestPassed,,-696.4,11/18/2021
1A401030000AC48000022369,Lab Area,"Tozmoz, Drank Del Diablo (Diablo Rojo x Grape Drank), Live Resin, Sauce & Diamonds",Extracts,471,,TestPassed,,-471,11/18/2021
1A401030000AC48000022370,Lab Area,"Tozmoz, Lemon Kush, Live Resin, Sauce & Diamonds",Extracts,1031,,TestPassed,,-1031,11/18/2021
1A401030000AC48000022371,Lab Area,"Tozmoz, Lemon Apricot, Live Resin, Sauce & Diamonds",Extracts,841,,TestPassed,,-841,11/18/2021
1A401030000AC48000022372,Lab Area,"Tozmoz, Blueberry Diesel x Triple OG, Live Resin, Sauce & Diamonds",Extracts,1578,,TestPassed,,-1578,11/18/2021
1A401030000AC48000022379,Lab Area,"Tozmoz, 9lb Funky Town (9lb Hammer x First Class Funk), Live Resin, Badder",Extracts,258.6,,TestPassed,,-258.6,11/18/2021
1A401030000AC48000022380,Lab Area,"Jackpot, Wrath of God, Distillate",Concentrate,455.7,,TestPassed,,-455.7,11/18/2021
1A401030000AC48000022381,Lab Area,"Jackpot, Pink Pixie, Distillate",Concentrate,502.5,,TestPassed,,-502.5,11/18/2021
1A401030000AC48000022382,Lab Area,"Jackpot, 9lb Hammer , Distillate",Concentrate,498.3,,TestPassed,,-498.3,11/18/2021
1A401030000AC48000022383,Lab Area,"Jackpot, Grape OG, Distillate",Concentrate,509.3,,TestPassed,,-509.3,11/18/2021
1A401030000AC48000022384,Lab Area,"Jackpot, Lemon Apricot, Distillate",Concentrate,500.7,,TestPassed,,-500.7,11/18/2021
1A401030000AC48000022385,Lab Area,"Jackpot, Banner , Distillate",Concentrate,493.5,,TestPassed,,-493.5,11/18/2021
1A401030000AC48000022386,Lab Area,"Jackpot, Pineapple Express, Distillate",Concentrate,494.7,,TestPassed,,-494.7,11/18/2021
1A401030000AC48000022391,Lab Area,"Tozmoz, Chem Rush, Live Resin, Sauce & Diamonds",Extracts,1879,,TestPassed,,-1879,11/18/2021
1A401030000AC48000022422,Lab Area,"Tozmoz, Lemon Wookie, Cannabis Derived Terpenes",Concentrate,52.6,,NotSubmitted,,-52.6,11/19/2021
1A401030000AC48000022553,Lab Area,"Tozmoz, Sunset Sherbert, Live Resin",Extracts,283.8,,NotSubmitted,,-283.8,11/23/2021
1A401030000AC48000022554,Lab Area,"Tozmoz, Jagermeister, Live Resin",Extracts,45.3,,NotSubmitted,,-45.3,11/23/2021
1A401030000AC48000022592,Lab Area,"Tozmoz, Grandma's Pie, Cannabis Derived Terpenes",Concentrate,77.84,,NotSubmitted,,-77.84,11/24/2021
1A401030000AC48000022594,Lab Area,"Tozmoz, Hindu Kush, Cannabis-Derived Terpenes",Concentrate,65.18,,NotSubmitted,,-65.18,11/24/2021
1A401030000AC48000022652,Lab Area,"Elysium Fields, Lemon Sour Diesel, Full Spectrum Cannabis Oil, Bulk",Extracts,470.4,,TestPassed,,-470.4,11/29/2021
1A401030000AC48000022653,Lab Area,"Elysium Fields, Mob Queen, Full Spectrum Cannabis Oil",Extracts,470.4,,TestPassed,,-470.4,11/29/2021
1A401030000AC48000022654,Lab Area,"Elysium Fields, Boss Sherbert, Full Spectrum Cannabis Oil",Extracts,479.6,,TestPassed,,-479.6,11/29/2021
1A401030000AC48000022655,Safe/Connex,"Private Stash, Green Apple, 1:1 Flavored Distillate",Inhalable Cannabinoid Product with Non-Cannabis Additives (with ingredients),1041.3,,TestPassed,,-1041.3,11/29/2021
1A401030000AC48000022657,Lab Area,"Elysium Fields, Jager, Full Spectrum Cannabis Oil",Extracts,1073.9,,TestPassed,,-1073.9,11/29/2021
1A401030000AC48000022658,Lab Area,"Elysium Fields, Sunset Dream, Full Spectrum Cannabis Oil",Extracts,994.5,,TestPassed,,-994.5,11/29/2021
1A401030000AC48000022662,Lab Area,"Tozmoz, Cherry Truffle, Cannabis-Derived Terpenes",Extracts,456.2,,NotSubmitted,,-456.2,11/29/2021
1A401030000AC48000022703,Lab Area,"Elysium Fields, BLACK, Hindu Kush, Full Spectrum Cannabis Oil",Extracts,3848.93,,TestPassed,,-3848.93,11/30/2021
1A401030000AC48000022765,Lab Area,"Elysium Fields, BLACK, Sundae Driver, Full Spectrum Cannabis Oil",Extracts,858,,TestPassed,,-858,12/1/2021
1A401030000AC48000022767,Lab Area,"Elysium Fields, BLACK, Huckleberry Diesel, Full Spectrum Cannabis Oil",Extracts,1506.5,,TestPassed,,-1506.5,12/1/2021
1A401030000AC48000022768,Lab Area,"Elysium Fields, BLACK, Green Dragon, Full Spectrum Cannabis Oil",Extracts,1152.9,,TestPassed,,-1152.9,12/1/2021
1A401030000AC48000022801,Lab Area,"Tozmoz, Green Dragon, Cannabis Derived Terpenes",Concentrate,297.8,,NotSubmitted,,-297.8,12/2/2021
1A401030000AC48000022802,Lab Area,"Tozmoz, Frosted Hog, Cannabis Derived Terpenes",Concentrate,92.8,,NotSubmitted,,-92.8,12/2/2021
1A401030000AC48000022803,Lab Area,"Tozmoz, Huckleberry Diesel, Cannabis Derived Terpenes",Concentrate,239.4,,NotSubmitted,,-239.4,12/2/2021
1A401030000AC48000022804,Lab Area,"Tozmoz, Sundae Driver, Cannabis Derived Terpenes",Concentrate,111,,NotSubmitted,,-111,12/2/2021
1A401030000AC48000022864,Safe/Connex,"Tozmoz, Van Frost, Cannabis Derived Terpenes",Concentrate,91.9,,NotSubmitted,,-91.9,12/6/2021
1A401030000AC48000022867,Safe/Connex,"Tozmoz, Mangolicious, Cannabis-Derived Terpenes",Concentrate,44.9,,NotSubmitted,,-44.9,12/6/2021
1A401030000AC48000022916,Lab Area,"Tozmoz, High Potency Distillate Blend, Bulk",Concentrate,1687.99,,TestPassed,,-1687.99,12/7/2021
1A401030000AC48000022934,Lab Area,"Elysium Fields, Agent Orange, Live Resin - Sugar",Extracts,831,,TestPassed,,-831,12/7/2021
1A401030000AC48000022938,Lab Area,"Elysium Fields, Cookie Meister, Live Resin - Sugar",Extracts,956,,TestPassed,,-956,12/7/2021
1A401030000AC48000023020,Lab Area,"Tozmoz, Lemon Sour Diesel, THCA",Extracts,830.25,,TestPassed,,-830.25,12/9/2021
1A401030000AC48000023043,Safe/Connex,"Private Stash, Tropical, Flavored Distillate",Inhalable Cannabinoid Product with Non-Cannabis Additives (with ingredients),958.2,,TestPassed,,-958.2,12/10/2021
1A401030000AC48000023182,Lab Area,"Tozmoz, Alien ET, Canabis-Derived Terpenes",Extracts,40,,NotSubmitted,,-40,12/14/2021
1A401030000AC48000023183,Lab Area,"Tozmoz, Sunset Sherbert, Cannabis Derived Terpenes",Extracts,92.8,,NotSubmitted,,-92.8,12/14/2021
1A401030000AC48000023217,Lab Area,VTA - 171 - Main,Concentrate,3153,,NotSubmitted,,-3153,12/15/2021
1A401030000AC48000023251,Lab Area,"Blue Cookies, Live Resin, Badder",Extracts,425,,TestPassed,,-425,12/16/2021
1A401030000AC48000023252,Lab Area,"Sunset Dream, Live Resin, Applesauce",Extracts,2635.6,,TestPassed,,-2635.6,12/16/2021
1A401030000AC48000023253,Lab Area,"Royal LSD, Live Resin, Badder",Extracts,1558,,TestPassed,,-1558,12/16/2021
1A401030000AC48000023254,Lab Area,"Cookie Mobster, Live Resin, Applesauce",Extracts,2616,,TestPassed,,-2616,12/16/2021
1A401030000AC48000023255,Lab Area,"Mob Queen, Live Resin, Applesauce",Extracts,3018,,TestPassed,,-3018,12/16/2021
1A401030000AC48000023256,Lab Area,"Dream Cookies, Live Resin, Applesauce",Extracts,2326,,TestPassed,,-2326,12/16/2021
1A401030000AC48000023260,Lab Area,"Cookie Meister's Dream, Live Resin, Crystal & Sauce",Extracts,2027,,TestPassed,,-2027,12/16/2021
1A401030000AC48000023337,Safe/Connex,"Tozmoz, Cherry Pie, Cannabis-Derived Terpenes",Extracts,68.8,,NotSubmitted,,-68.8,12/20/2021
1A401030000AC48000023338,Safe/Connex,"Tozmoz, Cookie Mac, Cannabis-Derived Terpenes",Extracts,70.2,,NotSubmitted,,-70.2,12/20/2021
1A401030000AC48000023339,Safe/Connex,"Tozmoz, Lemon Sour Diesel, Cannabis-Derived Terpenes",Concentrate,20,,NotSubmitted,,-20,12/20/2021
1A401030000AC48000023342,Safe/Connex,"Tozmoz, Blue Magoo, Cannabis-Derived Terpenes",Concentrate,132.3,,NotSubmitted,,-132.3,12/20/2021
1A401030000AC48000023396,Lab Area,"Elysium Fields, Green Dragon, Live Resin - Badder",Extracts,250,,TestPassed,,-250,12/22/2021
1A401030000AC48000023397,Lab Area,"Elysium Fields, Green Dragon, Live Resin - Badder",Extracts,298,,TestPassed,,-298,12/22/2021
1A401030000AC48000023398,Lab Area,"Elysium Fields, Green Dragon, Live Resin - Badder",Extracts,701,,TestPassed,,-701,12/22/2021
1A401030000AC48000023399,Lab Area,"Elysium Fields, Huckleberry Diesel, Live Resin - Sugar",Extracts,567,,TestPassed,,-567,12/22/2021
1A401030000AC48000023400,Lab Area,"Elysium Fields, Huckleberry Diesel, Live Resin - Sugar",Extracts,693,,TestPassed,,-693,12/22/2021
1A401030000AC48000023401,Lab Area,"Elysium Fields, Green Dragon, Live Resin - Applesauce",Extracts,861,,TestPassed,,-861,12/22/2021
1A401030000AC48000023402,Lab Area,"Elysium Fields, Huckleberry Diesel, Live Resin - Applesauce",Extracts,783,,TestPassed,,-783,12/22/2021
1A401030000AC48000023404,Lab Area,"Elysium Fields, Green Dragon, Live Resin - Sugar",Extracts,936,,TestPassed,,-936,12/22/2021
1A401030000AC48000023405,Lab Area,"Elysium Fields, Green Dragon, Live Resin - Sugar",Extracts,600,,TestPassed,,-600,12/22/2021
1A401030000AC48000023406,Lab Area,"Elysium Fields, Sundae Driver, Live Resin - Applesauce",Extracts,1100,,TestPassed,,-1100,12/22/2021
1A401030000AC48000023407,Lab Area,"Elysium Fields, Sundae Driver, Live Resin - Applesauce",Extracts,1599,,TestPassed,,-1599,12/22/2021
1A401030000AC48000023408,Lab Area,"Elysium Fields, Sundae Driver, Live Resin - Applesauce",Extracts,1065,,TestPassed,,-1065,12/22/2021
1A401030000AC48000023409,Lab Area,"Elysium Fields, Sundae Driver, Live Resin - Applesauce",Extracts,1091,,TestPassed,,-1091,12/22/2021
1A401030000AC48000023410,Lab Area,"Elysium Fields, Huckleberry Diesel, Live Resin - Diamonds & Sauce",Extracts,314,,TestPassed,,-314,12/22/2021
1A401030000AC48000023411,Lab Area,"Elysium Fields, Huckleberry Diesel, Live Resin - Diamonds & Sauce",Extracts,793,,TestPassed,,-793,12/22/2021
1A401030000AC48000023463,Lab Area,VTA - 172 - Main,Concentrate,3698,,TestPassed,,-3698,12/23/2021
1A401030000AC48000023503,Safe/Connex,"Tozmoz, Dream Queen, Cannabis-Derived Terpenes",Extracts,68.3,,NotSubmitted,,-68.3,12/27/2021
1A401030000AC48000023504,Safe/Connex,"Tozmoz, Grape Mac, Cannabis-Derived Terpenes",Extracts,51.6,,NotSubmitted,,-51.6,12/27/2021
1A401030000AC48000023506,Safe/Connex,"Tozmoz, Oregon Lemons, Cannabis-Derived Terpenes",Extracts,29.6,,NotSubmitted,,-29.6,12/27/2021
1A401030000AC48000023509,Safe/Connex,"Tozmoz, Cascade Kush, Cannabis-Derived Terpenes",Extracts,59.4,,NotSubmitted,,-59.4,12/27/2021
1A401030000AC48000023510,Safe/Connex,"Tozmoz, Alienade, Cannabis-Derived Terpenes",Extracts,34.1,,NotSubmitted,,-34.1,12/27/2021
1A401030000AC48000023511,Safe/Connex,"Tozmoz, Widow Bomb, Cannabis-Derived Terpenes",Extracts,148.2,,NotSubmitted,,-148.2,12/27/2021
1A401030000AC48000023512,Safe/Connex,"Tozmoz, Critical Cookies, Cannabis-Derived Terpenes",Extracts,33.5,,NotSubmitted,,-33.5,12/27/2021
1A401030000AC48000023513,Safe/Connex,"Tozmoz, Oregon Grapes, Cannabis-Derived Terpenes",Extracts,18.8,,NotSubmitted,,-18.8,12/27/2021
1A401030000AC48000023534,Lab Area,"Private Stash, Blue Raspberry, Flavored Distillate",Inhalable Cannabinoid Product with Non-Cannabis Additives (with ingredients),970.9,,TestPassed,,-970.9,12/28/2021
1A401030000AC48000023569,Safe/Connex,"Tozmoz, Mac 1, Cannabis-Derived Terpenes",Extracts,68.7,,NotSubmitted,,-68.7,12/30/2021
1A401030000AC48000023629,Packaging Area,"Elysium Fields, Oregon Mac, Infused Pre-Roll",Infused Pre-Roll,1278,,NotSubmitted,,-1278,1/3/2022
